{
  "korean": {
    "ex1": {
      "b": 30,
      "name": "1차지필"
    },
    "ex2": {
      "b": 30,
      "name": "2차지필"
    },
    "no1": {
      "b": 100,
      "name": "풍자하기"
    },
    "no2": {
      "b": 100,
      "name": "한글의 우수성"
    },
    "no3": {
      "b": 100,
      "name": "포트폴리오"
    }
  },
  "math": {
    "ex1": {
      "b": 30,
      "name": "1차지필"
    },
    "ex2": {
      "b": 30,
      "name": "2차지필"
    },
    "no1": {
      "b": 100,
      "name": "놀술1"
    },
    "no2": {
      "b": 100,
      "name": "논술2"
    },
    "no3": {
      "b": 100,
      "name": "포트폴리오"
    }
  },
  "history": {
    "ex1": {
      "b": 30,
      "name": "1차지필"
    },
    "ex2": {
      "b": 30,
      "name": "2차지필"
    },
    "no1": {
      "b": 100,
      "name": "중세일기"
    },
    "no2": {
      "b": 100,
      "name": "동아시아 임진왜란"
    }
  },
  "science": {
    "ex1": {
      "b": 25,
      "name": "1차지필"
    },
    "ex2": {
      "b": 25,
      "name": "2차지필"
    },
    "no1": {
      "b": 100,
      "name": "소화기관"
    },
    "no2": {
      "b": 100,
      "name": "물질분류"
    },
    "no3": {
      "b": 100,
      "name": "포트폴리오"
    }
  },
  "english": {
    "ex1": {
      "b": 25,
      "name": "1차지필"
    },
    "ex2": {
      "b": 25,
      "name": "2차지필"
    },
    "no1": {
      "b": 100,
      "name": "쓰기"
    },
    "no2": {
      "b": 100,
      "name": "말하기"
    },
    "no3": {
      "b": 100,
      "name": "포트폴리오"
    }
  },
  "chinese": {
    "ex2": {
      "b": 50,
      "name": "2차지필"
    },
    "no1": {
      "b": 100,
      "name": "날짜시간"
    },
    "no2": {
      "b": 100,
      "name": "말하기"
    },
    "no3": {
      "b": 100,
      "name": "교통수단"
    }
  },
  "morality": {
    "ex2": {
      "b": 50,
      "name": "2차지필"
    },
    "no1": {
      "b": 100,
      "name": "논술"
    },
    "no2": {
      "b": 100,
      "name": "포트폴리오"
    }
  },
  "pe": {
    "no1": {
      "b": 100,
      "name": "축구 패스"
    },
    "no2": {
      "b": 100,
      "name": "축구 드리블 슛"
    },
    "no3": {
      "b": 100,
      "name": "줄넘기 1단"
    },
    "no4": {
      "b": 100,
      "name": "탈춤 실기"
    },
    "no5": {
      "b": 100,
      "name": "무용작품 비평"
    }
  },
  "tech": {
    "ex2": {
      "b": 50,
      "name": "2차지필"
    },
    "no1": {
      "b": 100,
      "name": "신 재생에너지"
    },
    "no2": {
      "b": 100,
      "name": "미래 가정"
    }
  },
  "art": {
    "no1": {
      "b": 100,
      "name": "만화 실기"
    },
    "no2": {
      "b": 100,
      "name": "전각 실기"
    },
    "no3": {
      "b": 100,
      "name": "작품분석 논술"
    }
  }
}
