{
  "korean": {
    "ex1": { "r1": 100, "r2": 30 },
    "ex2": { "r1": 100, "r2": 30 },
    "no1": { "r1": 10, "r2": 100 },
    "no2": { "r1": 20, "r2": 100 },
    "no3": { "r1": 10, "r2": 100 }
  },
  "math": {
    "ex1": { "r1": 100, "r2": 30 },
    "ex2": { "r1": 100, "r2": 30 },
    "no1": { "r1": 15, "r2": 100 },
    "no2": { "r1": 15, "r2": 100 },
    "no3": { "r1": 10, "r2": 100 }
  },
  "history": {
    "ex1": { "r1": 100, "r2": 30 },
    "ex2": { "r1": 100, "r2": 30 },
    "no1": { "r1": 10, "r2": 100 },
    "no2": { "r1": 30, "r2": 100 }
  },
  "science": {
    "ex1": { "r1": 100, "r2": 25 },
    "ex2": { "r1": 100, "r2": 25 },
    "no1": { "r1": 20, "r2": 100 },
    "no2": { "r1": 20, "r2": 100 },
    "no3": { "r1": 10, "r2": 100 }
  },
  "english": {
    "ex1": { "r1": 100, "r2": 25 },
    "ex2": { "r1": 100, "r2": 25 },
    "no1": { "r1": 20, "r2": 100 },
    "no2": { "r1": 20, "r2": 100 },
    "no3": { "r1": 10, "r2": 100 }
  },
  "chinese": {
    "ex2": { "r1": 100, "r2": 50 },
    "no1": { "r1": 15, "r2": 100 },
    "no2": { "r1": 15, "r2": 100 },
    "no3": { "r1": 20, "r2": 100 }
  },
  "morality": {
    "ex2": { "r1": 100, "r2": 50 },
    "no1": { "r1": 30, "r2": 100 },
    "no2": { "r1": 20, "r2": 100 }
  },
  "pe": {
    "no1": { "r1": 20, "r2": 100 },
    "no2": { "r1": 20, "r2": 100 },
    "no3": { "r1": 20, "r2": 100 },
    "no4": { "r1": 20, "r2": 100 },
    "no5": { "r1": 20, "r2": 100 }
  },
  "tech": {
    "ex2": { "r1": 100, "r2": 50 },
    "no1": { "r1": 20, "r2": 100 },
    "no2": { "r1": 30, "r2": 100 }
  },
  "art": {
    "no1": { "r1": 40, "r2": 100 },
    "no2": { "r1": 40, "r2": 100 },
    "no3": { "r1": 20, "r2": 100 }
  }
}
